world_id	title_en	title_zh	vision_en	vision_zh
0002c65b-b39a-4b3f-a47e-0b0a195c7f3a	The Day the World Ended	世界终结之日	Civilization collapses overnight, forcing an ordinary survivor to lead fragile communities through ruined cities and decide what kind of society can remain.	文明在一夜之间崩塌，一名普通幸存者必须带领脆弱社区穿越废墟，并决定余下的人将建立怎样的社会。
00ab8e9e-d546-442d-8d31-35f2acf8f848	Office Drone vs Alien Apocalypse	上班族大战外星末日	An office worker becomes the unlikely center of a chaotic alien invasion and must survive with scavenged gear, quick thinking, and uneasy government help.	一名普通上班族意外成为外星入侵的关键人物，必须依靠拾荒装备、临场判断和并不可靠的政府援助求生。
01fa9a14-2644-47aa-9595-2783d9ce9964	Call of the Old Forest	古林的召唤	A villager enters a forbidden forest that whispers his name, searching for missing neighbors and the truth about his bond with the ancient woods.	一名村民进入会低声呼唤其姓名的禁忌古林，寻找失踪邻居，并查明自己与森林之间的古老联系。
0480d03a-dcba-4537-b166-1bc9459ac2de	Voyage to Centauri	远航半人马座	After an accident kills the senior officers, an acting commander must maintain a generation ship, hold the crew together, and reach humanity's possible new home.	高层船员在事故中丧生后，代理指挥官必须维持世代飞船、稳住船员关系，并抵达人类可能的新家园。
059c3a15-80d9-4d24-9e61-4f5c02d8dbe4	Night Shift at Nightmare Logistics	噩梦物流夜班	A tired demon clerk processes supernatural deliveries in a district that changes every shift while learning to set boundaries amid escalating absurdity.	一名疲惫的恶魔职员在每班都会变化的超自然城区处理诡异货运，并在不断升级的混乱中学会建立边界。
06b97118-f2ec-4def-a117-6984838fc85f	Shadows of Seoul	首尔暗影	A newcomer rises through Seoul's underworld by trading, negotiating, forming alliances, and surviving betrayals while reputation determines control.	一名无名新人通过交易、谈判、结盟与应对背叛在首尔地下世界崛起，而声望将决定其控制力。
07460b91-c947-4f0f-a5f4-b6ef439c8d77	Echoes of Elvoria	艾尔沃利亚回声	An ancient rogue crosses neon slums and glittering towers, evades pervasive surveillance, and infiltrates a corporation to disable invasive technology.	一名古老游侠穿越霓虹贫民区与闪耀高塔，躲避无处不在的监控，并潜入企业以关闭侵入性科技。
07c73ef1-7525-443a-b035-a137159f6021	Milo's Cardboard Cosmos	米洛的纸板宇宙	A child's cardboard rocket reaches real space, turning friendly planets into playful gravity puzzles and opportunities to help alien neighbors.	孩子的纸板火箭真的飞入太空，每颗友善星球都成为重力谜题和帮助外星伙伴的机会。
08707e8a-109e-4378-84e4-b9c74ce09c60	Neon Shadows: The Missing Link	霓虹暗影：失踪线索	A private investigator follows a missing person's data trail through an acid-rain metropolis, hacking forbidden systems and choosing which secrets to expose.	一名私家侦探在酸雨都市追查失踪者的数据痕迹，破解禁用系统，并决定哪些秘密值得公开。
0ce32e5e-d0e5-4433-8fb7-1eaeb81eabb0	The Day That Should Not Have Happened	本不该发生的一天	An unlucky young man wakes with amnesia, a nearly dead phone, and strange objects in his pockets, then races through the city to reconstruct the day.	一个倒霉青年醒来时失去记忆、手机濒临没电且口袋里满是怪东西，必须穿过城市重建这一天的真相。
10c25e80-5a37-44c0-9391-034548998cad	Tower Eternal	永恒天塔	A lightning-gifted adventurer climbs an endless floating tower, clearing bosses, controlling settlements, and navigating guild politics under permanent-death pressure.	一名拥有雷电天赋的冒险者攀登无尽浮空高塔，在永久死亡压力下讨伐首领、控制据点并周旋于公会政治。
1493b04f-5a3e-4ae0-aee7-46f507d1d5ed	Eternal Ascendant	永恒升格者	A dark immortal seeks divine mastery across fractured realms by conquering territory, forging alliances, and controlling twelve dangerous seals.	一名黑暗不朽者在破碎诸界中征服领地、缔结联盟并掌握十二道危险封印，以追求神性升格。
1b4c8819-c0e6-4b7c-a54d-0a684e737f12	Lines and Blueprints	线条与蓝图	A precise architect shares a cramped studio with a chaotic muralist and must balance client work, creative inspiration, and a growing partnership.	严谨建筑师与随性的壁画家共用狭小工作室，必须平衡客户项目、意外灵感与逐渐发展的伙伴关系。
1da77e43-80db-442c-8b74-7a6d8c37f4e6	Secrets of the Forgotten Sands	遗忘沙海的秘密	A desert traveler discovers an impossible artifact, negotiates among rival factions, and follows buried histories across villages and cities.	一名沙漠旅人发现不应存在的古物，在敌对派系间斡旋，并追寻埋藏于村庄与城市下的历史。
1de64b8b-e9e9-4664-ae1d-8c01f90d1990	Legacy of the Forgotten Bloodline	遗忘血脉的遗产	A young resident of modern Madrid discovers an ancestral power and must cross historic streets, cathedrals, and tunnels while rival factions hunt him.	现代马德里的一名青年觉醒祖传力量，必须穿越历史街区、教堂与地下通道，并躲避争夺其力量的派系。
20cc20ef-ce52-4567-a55e-66908a631c15	Legacy of the Eight Limbs	八肢武艺传承	A young martial artist trains across hidden Bangkok sites, investigates a missing master, and defends the city from threats ordinary people cannot see.	一名年轻武者在曼谷隐秘地点修行、调查师父失踪案，并保护城市免受常人无法看见的威胁。
21a068ed-6353-4d86-8ca9-f882822795c8	Shadows of the Northern Wards	北境守望者之影	One of the last northern wardens guards forgotten roads, investigates an awakening black shard, and chooses between royal aid and a solitary stand.	最后的北境守望者之一守护荒废道路，调查正在苏醒的黑色碎片，并在王国援助与独自抗敌之间选择。
21ce8e9f-a17d-47dd-9ded-8fe14a68dc49	Guardian of Stillness	静寂守护者	A guardian wakes in a Tokyo frozen outside time and must protect motionless districts from shadows while discovering why the clock stopped.	一名守护者在时间停滞的东京醒来，必须保护静止城区免受暗影侵袭，并查明时钟停止的原因。
22f5ea6b-5e7f-4487-9b8c-ebb19c981456	Mortiis' Vengeance	莫提斯的复仇	A bereaved necromancer raises an undead army against the ruler responsible for his loss while deciding how much of the kingdom to sacrifice.	一名丧偶死灵法师召集亡者军团向仇敌君王复仇，同时决定愿意为此牺牲王国的多少部分。
246587eb-a311-43c8-88db-f890a5ab9a4e	Deadly Miniature	致命微缩	A six-centimeter survivor navigates a city that treats tiny people as property, seeking allies and resources while avoiding capture and exploitation.	一名身高六厘米的幸存者穿行于把微缩人当作财物的城市，在躲避抓捕与剥削的同时寻找盟友和资源。
279fa325-6d9c-41ea-b1da-528f80529a05	The Dead Girl's Secret	死者的秘密	A man wakes beside a murdered woman holding a photograph tied to his past and must solve the crime before police and hidden enemies close in.	一名男子在被害女子身旁醒来，发现她握着与自己过去有关的照片，必须在警方与暗处敌人逼近前破案。
2b5b5a28-b41b-40d7-bb32-7d479a7e2089	Highland Silence	高地寂静	A father crosses infected Highland ruins with his son, scavenging supplies, monitoring illness, and searching for a way to stop the spreading rot.	一名父亲带着儿子穿越受感染的高地废墟，搜集物资、监控病变，并寻找阻止腐败蔓延的方法。
2c016241-d243-40d0-af79-239dd07c478a	Pip's Brave Little Roar	皮普勇敢的小吼声	A timid young dinosaur travels through a colorful valley to rescue a lost hatchling and learns courage through small acts of help.	一只胆小的小恐龙穿越多彩山谷寻找失踪幼崽，并在一次次帮助他人的行动中学会勇敢。
2c2e71f5-7503-4395-b6a6-a1ffe41dd696	The Inverted Scribe	倒置书吏	A servant of a cosmic script hunts a rogue warrior through an inverted world, gathers forbidden truths, and decides whether to defy the authors.	一名宇宙剧本的执行者在倒置世界追捕叛逆武者、收集禁忌真相，并决定是否反抗所谓作者。
2d42058d-9313-4434-a586-a6c963864136	The Surplus of Hope	过剩的希望	A disaster auditor sent to punish unusual good fortune secretly helps a perfect town weaponize statistical anomalies against an oppressive bureau.	一名被派去惩罚异常好运的灾难审计员暗中帮助完美小镇利用统计异常，对抗压迫性的管理机构。
2f04cd84-fc04-4dbb-9260-a7583ddb674c	The Worst Best Date Ever: Her Night Out	最糟也最好的约会：她的夜晚	A nervous first date spirals through spilled drinks, surprise encounters, and social mishaps while two people try to form an honest connection.	一场紧张的初次约会接连遭遇洒饮料、意外碰面和社交事故，两个人仍试图建立真诚联系。
3504304f-d908-4500-82b7-e91ae8c192b0	Ashes of Command	灰烬统御	A soldier leads a unit through a post-nuclear wasteland, capturing positions, securing supplies, and balancing alliances against rival commanders.	一名军人带队穿越核战废土，争夺据点、保障补给，并在联盟与敌对指挥官之间维持权力平衡。
3688cb9e-95b9-4714-8e67-2402a7d7aee8	The Steel City Scourge	钢城清剿者	A furious vigilante dismantles a city's criminal supply network by gathering evidence, disrupting operations, and surviving retaliation.	一名愤怒的义警通过搜集证据、破坏犯罪网络并应对报复，逐步清除毒害城市的供应链。
371d060c-702a-4ecb-bdd9-f0e19abd1b24	Hearts Entwined at Rosewood Manor	玫瑰木庄园的交织之心	An antique restorer must share a decaying manor with a difficult architect, repair the estate, resist developers, and build trust over thirty days.	一名古董修复师必须与难相处的建筑师共住破败庄园，在三十天内修复宅邸、抵御开发商并建立信任。
37c00fb7-bdee-4d01-8194-07d9644945b7	The Shadow of the Mask	面具之影	A masked survivor builds influence across dangerous streets where every alliance, confrontation, and betrayal can strengthen or destroy her reputation.	一名戴面具的幸存者在危险街区积累影响力，每次结盟、对抗与背叛都可能巩固或摧毁其声望。
3a3f9988-4ce9-46f0-8525-3199baa98a4b	Echoes of the Star Republic	星际共和国回声	A fallen mystic warrior shapes a galactic civil war through fleet battles, trade, covert deals, and shifting alliances across star systems.	一名失势的神秘武者通过舰队战、贸易、秘密交易与跨星系联盟改变银河内战走向。
3ab39956-4b9e-4ae9-a79d-090a1562d268	Machine Resistance: Infiltration Protocol	机械抵抗：渗透协议	A resistance leader crosses machine-occupied ruins, manages scarce resources, recruits survivors, and sabotages adaptive AI facilities without being detected.	一名抵抗组织领袖穿越机器占领的废墟，管理稀缺资源、招募幸存者，并在不被发现的情况下破坏自适应 AI 设施。
3c7a5421-acc5-450f-b57b-239150397884	Giacomino: Guardian of the Galaxies	贾科米诺：银河守护者	A small black space adventurer armed with laser tools travels between planets to defeat an invader and free Earth.	一名携带激光工具的黑色小冒险家穿梭行星，击败入侵者并解放地球。
3f5c970c-dd2f-44ab-a9ea-024db8128515	Dragon Spirit: Night's End	龙神之体：长夜终章	A student crosses a mystical Hanoi where reality overlaps the spirit world, growing into a hero while deciding how to use dragon power responsibly.	一名学生穿越现实与灵界交叠的神秘河内，在成长为英雄的过程中决定如何负责任地使用龙神力量。
4166ead1-d542-4f6e-91b7-581004f457e7	Winter's Secret: The Woman in White	冬日秘闻：白衣女子	A ski-lodge weekend becomes a romantic supernatural mystery as friends reveal secrets and a local legend begins to manifest.	滑雪旅馆周末逐渐变成浪漫的超自然谜案，朋友们暴露秘密，而当地白衣传说开始显现。
4224835f-4043-4c02-9879-6d740b164e37	Shadows of the Great City	大都市暗影	A city resident discovers a hidden supernatural layer, protects physical and mental health, and evades factions hunting newly awakened people.	一名都市居民发现隐藏的超自然层面，必须维护身心状态并躲避追捕觉醒者的神秘派系。
48a8ab81-d1fb-4ec4-9863-3a819664520b	The Thirteenth Floor	第十三层	A resident explores concrete labyrinths, gathers anomalous clues, and manages a fraying mind to stop a district from fading into gray nothingness.	一名居民探索混凝土迷宫、收集异常线索并控制不断崩溃的理智，以阻止整个街区坠入灰色虚无。
4c05e93d-fb3f-4544-a0f5-f9d5376a13e2	Rise to the Esports Summit	登上电竞之巅	A gifted player rises from a worn internet cafe toward professional competition, balancing training, team offers, public pressure, and mental endurance.	一名天赋选手从老旧网吧走向职业赛场，在训练、战队邀约、公众压力与心理耐力之间做出选择。
4e08246e-da0d-4cb5-bdb9-ecbdaaf7e18e	The Great Orbit Race 2276	2276 轨道大奖赛	A lunar rookie assembles a loyal crew, tunes a high-speed craft, and survives black-market politics to win a dangerous orbital championship.	一名月球新秀组建可靠车组、调校高速飞行器，并在黑市政治中求生，以赢得危险的轨道锦标赛。
5053329f-7ccd-4972-8eb9-c04b4b458901	Maestro Academy: Art of Unity	大师学院：融合艺术	A first-year prodigy studies music, painting, dance, acting, sculpture, and song while challenging rivals and uncovering secrets across an arts academy.	一名一年级天才在艺术学院学习音乐、绘画、舞蹈、表演、雕塑与歌唱，同时挑战对手并揭开校园秘密。
515baa4c-964d-4c2c-a7c4-29d2f266cd25	Enforcer of New Detroit	新底特律执法者	A cybernetic officer restores order during gang conflict and corporate drone deployments while investigating who profits from the escalating violence.	一名义体警员在帮派冲突和企业无人机行动中恢复秩序，并调查谁在不断升级的暴力中获利。
5580dc08-4961-4fe3-8054-6a7d7a899400	Shadows of the Silver Moon	银月暗影	A secret-society investigator examines paranormal cases across ten locations, interviews witnesses, and builds a reputation by resolving genuine threats.	一名秘密协会调查员在十个地点调查灵异案件、询问证人，并通过解决真正威胁建立声望。
5712a1cb-331a-4b72-a595-423d4c485813	Ravenwood Academy: Secret of the Boundary	鸦森学院：边界之秘	A transfer student investigates a school where silence becomes dangerous and shadows reveal clues about a hidden boundary.	一名转学生调查一所沉默会变得危险、暗影会泄露线索的学校，并揭开隐藏边界之谜。
57b3d97e-5c0d-461e-9283-ee429f5d9dcf	The Last Train Home	最后的归乡列车	An engineer keeps an evacuation train moving through a collapsing war zone while searching its carriages for a missing child.	一名工程师在崩溃战区维持疏散列车运转，同时穿过各节车厢寻找失踪儿童。
59c6b31e-7f17-4bad-874a-4304c5fb34e8	The Disasters of Dave	戴夫的灾难日常	An ordinary resident navigates a dysfunctional town's broken bureaucracy, strange neighbors, failing infrastructure, and escalating accidental crises.	一名普通居民应对失灵小镇的破败官僚体系、奇怪邻居、故障设施和不断升级的意外危机。
5a02bbb4-381b-4cb3-9c3f-7739d4c8f1f1	Neo-Rio: Zero Awakens	新里约：零的觉醒	A drone pilot from a vertical district races through watched skies, takes sabotage jobs, and challenges the corporation hunting him after a failed hack.	一名来自垂直城区的无人机驾驶员在受监控的天空竞速、执行破坏任务，并反抗因失败入侵而追捕自己的企业。
5fcb700f-27f0-4bf3-aced-08dd35533b31	Blood and Agave	血脉与龙舌兰	A family heir crosses elite salons and agave fields, choosing between loyalty and love while exposing secrets before a decisive gala.	一名家族继承人往返上流社交场与龙舌兰田，在忠诚与爱情之间选择，并在关键晚宴前揭露秘密。
62d21c53-ce6f-43e4-972b-6232a40967ac	Mars Portal Breach	火星传送门裂口	An orbital marine enters a silent Mars colony where an experimental portal released hostile creatures and must survive long enough to seal it.	一名轨道陆战队员进入寂静的火星殖民地，面对实验传送门释放的敌对生物，并设法生存至封闭裂口。
6354d93f-052f-4a20-ab80-8d46c9db1efe	Falcon of Riyadh	利雅得之鹰	A young outsider enters a powerful Riyadh family network and must shape a reputation amid wealth, loyalty, secrets, and leadership expectations.	一名年轻外来者进入利雅得强大家族网络，必须在财富、忠诚、秘密和领袖期待之间塑造自己的声望。
63b21fd2-3dc7-47cb-b562-a004ef1280f7	The Treehouse of Wonders	奇迹树屋	Two siblings enter magical portals hidden in a backyard treehouse, solve friendly puzzles, and help new companions return home.	兄妹二人通过后院树屋中的魔法传送门进入异世界，解决友善谜题并帮助新伙伴回家。
63cbcf17-322f-4009-ba41-885970bcd930	Battlefield of the Machine Gods	机神战域	A rookie pilot bonds with an old experimental machine and navigates conflict among corporate armies, rebels, and autonomous AI forces.	一名新手驾驶员与古老实验机体建立连接，并周旋于企业军、反抗军和自主 AI 势力的冲突。
645eeda2-0f1e-409f-9cdd-9eeebc9a4701	Winchester Circuit	温彻斯特巡回赛	A student athlete builds a tennis career through training, tournaments, friendships, rivalries, gossip, and a calendar where choices leave lasting social effects.	一名学生运动员通过训练、赛事、友情、竞争与流言建立网球生涯，日程中的选择会留下长期社交后果。
657dcc9e-1e46-4150-9b93-c84607e2d74d	The Smile Protocol	微笑协议	A shadow-born dissident navigates a city where sadness is illegal, hides forbidden emotions, and investigates the system behind compulsory happiness.	一名生于阴影的异见者穿行于悲伤违法的城市，隐藏禁忌情绪，并调查强制快乐背后的系统。
65baf65d-f0f5-4aaf-9e37-ca6152183497	Delta: Echo of Myths	德尔塔：神话回声	A blind adventurer studies the laws of magic by exploring freely, negotiating with peoples and gods, and leaving persistent marks on evolving factions.	一名盲眼冒险者通过自由探索、与各族及神灵谈判来研究魔法规律，并在演化中的派系上留下持久影响。
65fa8d7c-3f7b-473f-91eb-8ed867a93861	Awakening: War of the Relic	觉醒：遗产之战	A cultivator explores a neon city hiding an ancient supernatural order, increases spiritual power, contests factions, and uncovers a relic's truth.	一名修行者探索霓虹都市背后的古老超自然秩序，提升灵力、周旋各方势力并揭开遗物真相。
677f8ac1-a88a-44ab-a3f7-36b8e00c102b	Augmented Shadows	增幅暗影	An augmented investigator follows malfunctions in citizens' implants through corporate conspiracies and must choose between exposing truth and personal survival.	一名义体调查员追查市民植入体故障背后的企业阴谋，并在揭露真相与保全自身之间选择。
6798f026-9ba4-4cf6-b482-1227616ce09b	The Bull of the Underground	地下拳坛之牛	A rising mixed-martial-arts fighter navigates illegal clubs, family honor, betting syndicates, and dangerous relationships where every victory has a price.	一名冉冉升起的综合格斗选手周旋于地下俱乐部、家族荣誉、博彩集团与危险关系，每场胜利都有代价。
6e925497-4529-4da0-8041-cf2455d51fc0	Beat Rebellion: The Last Solo	节拍反抗：最后独奏	In a future where AI controls music, a drummer infiltrates fortified labels and organizes an illegal concert to break mass sonic conditioning.	在 AI 控制音乐的未来，一名鼓手潜入唱片公司堡垒，并组织非法演出以打破大规模声波控制。
70ee1de2-755a-496c-b8a6-b576eb80d623	Fists of Tomorrow	明日之拳	A lone fighter clears hostile streets, tunnels, clubs, and arcades while mercy and intimidation shape the city's response before a final boss confrontation.	一名孤身武者穿过敌对街道、隧道、俱乐部与街机厅，仁慈或威慑会改变城市反应并影响最终首领战。
7518132b-2e34-47c1-91ae-d2a87027441c	Clays of Our Lives	黏土人生	An aspiring creator searches an animated clay world for legendary materials while rival filmmakers and rogue sculptures compete for the same power.	一名创作者在会动的黏土世界寻找传奇材料，同时与竞争导演和失控雕塑争夺同一种力量。
760c1437-97b3-4b13-9a73-385915496b04	Pip Star-Catcher and the Sleeping Beacon	捕星者皮普与沉睡灯塔	A young inventor collects fallen stars across floating islands and solves puzzles on the way to awaken a celestial lighthouse.	一名年轻发明家在浮空岛间收集坠落星辰、解决谜题，并前往唤醒天界灯塔。
77c521d6-6f50-448a-bfed-be071a8efefe	The Worst Best Date Ever: His Big Chance	最糟也最好的约会：他的机会	A man on an important date must abandon performative confidence, respond honestly to mishaps, and keep ego from ruining a genuine connection.	一名男子在重要约会中必须放下装出来的自信，真诚应对意外，并避免自尊毁掉真实联系。
77d725bf-5896-453e-ba8c-f9762ee72f8e	Project Nexus: The Price of Evolution	枢纽计划：进化代价	A scientist in a neural research complex confronts an awakening AI while choices alter system stability, colleague trust, and civilization's future.	神经研究设施中的科学家面对正在觉醒的 AI，每个选择都会改变系统稳定、同事信任和文明未来。
78407b91-c011-48dd-a6fb-84f5b8e1d876	Vector Corporation: The Endless Office	矢量公司：无尽办公室	An invisible office worker tries to terminate a contract and escape an impossible corporate building using camouflage and a reality-bending stapler.	一名隐形职员试图解除合同并逃离内部无限扩张的公司大楼，依靠伪装和能扭曲现实的订书机求生。
7b20e82c-40e4-47b5-b201-1a6eb209a696	Eclipseborn	蚀生者	After an eclipse awakens sightless predators, a fortified-town survivor gathers resources, rallies allies, and builds a reputation as humanity's shield.	日食唤醒无眼掠食者后，一名堡垒小镇幸存者收集资源、召集盟友，并以人类之盾的身份积累声望。
7b785f67-fd8d-4796-ae6c-6399f52897eb	The Last Drawn Blade	最后拔刀	A young survivor finds an old sword in a ruined city where swordsmen are hunted and must hide, restore lost techniques, or openly resist.	一名青年在猎杀剑士的废城拾起古刀，必须在隐藏身份、复原失传技艺或公开反抗之间选择。
8066241e-ef4f-4024-9c7f-0265d73600e1	The Accidental Fugitive	意外逃亡者	After causing an international crisis by mistake, an ordinary person must evade pursuers, find allies, uncover what really happened, and escape.	一名普通人因意外引发国际危机，必须躲避追捕、寻找盟友、查清真相并设法逃脱。
83a7b6bf-f26a-439b-b5d7-7a88117f0c28	Frontier Prospector	边境勘探者	A prospector stranded on a hostile frontier scavenges, crafts, tracks vital signs, crosses dangerous biomes, and races to complete a contract before extraction closes.	一名被困敌对边境的勘探者搜集、制造、监控生命指标并穿越危险生态区，在撤离窗口关闭前完成合同。
84d57b41-f470-4db8-9521-0f277938c51f	The Runaway Wedding	逃跑的婚礼	A wedding photographer races across Italy after a runaway bride, managing stress, career reputation, personal feelings, and the search for a defining photograph.	一名婚礼摄影师追随逃跑新娘横穿意大利，同时管理压力、职业声誉、个人感情，并寻找决定性的照片。
86da788c-c9e4-4510-8359-35c363734e36	The Warp Stranger	异界来客	A psychic space soldier is stranded in a medieval fantasy realm and builds a reputation through guild quests, alliances, conquests, and unsettling future technology.	一名灵能太空战士被困中世纪奇幻世界，通过公会任务、联盟、征服和令人不安的未来科技建立声望。
8756d416-253f-410b-b74c-2c6d74883fdb	Kings of Porto Sombra	暗港街王	A street survivor gains and loses reputation by controlling territory, negotiating with factions, betraying rivals, and enduring retaliation in an endless city struggle.	一名街头幸存者通过控制领地、与派系谈判、背叛对手并承受报复，在无尽城市斗争中积累或失去声望。
87e9b41b-5ac1-4251-9527-302b890d8abd	Portal Custodian Quest	传送门管理员奇遇	A veteran custodian is pulled through a portal into an eccentric alien world and turns maintenance skills, alliances, and clever logistics into influence.	一名资深管理员被传送门卷入古怪外星世界，并把维护技能、联盟和聪明物流转化为影响力。
8f551554-17e8-44da-8396-57f5a8042d04	Trombone Tangle	长号迷局	A musician becomes entangled in criminal jobs and federal surveillance, using performance, negotiation, and divided loyalties to survive an endless reputation game.	一名乐手卷入犯罪差事与联邦监控，依靠演奏、谈判和多方周旋在无尽声望游戏中求生。
8ffe08ce-7c48-46db-b118-839c5bc9e043	Machine Hunter: Frontier's Call	机械猎手：边境召唤	A skilled hunter scans and overrides robotic beasts, crafts specialized traps, and navigates tribal rivalries to stop a hostile control intelligence.	一名熟练猎手扫描并控制机械兽、制作专用陷阱，并周旋部族关系以阻止敌对控制智能。
90764a9b-9942-41ae-99cf-6de9c3ba2c37	Wildbond: The Untamed Frontier	荒野灵契	A young spirit tamer captures, fuses, or releases creatures while building a reputation through battles, alliances, exploration, and territorial choices.	一名年轻驭灵师在捕捉、融合或放归生灵之间选择，并通过战斗、联盟、探索与领地决策建立声望。
91ee3501-a9a4-443b-b90b-163442cfb0bf	Rise of the Kingdom	王国崛起	A low-born knight gains a claim after the king's death and must navigate court intrigue, command armies, and forge alliances to reunite the realm.	国王死后，一名出身卑微的骑士意外获得继承权，必须周旋宫廷、统领军队并缔结联盟以统一王国。
948dc0de-a7ab-4de1-a43d-3eeb0a265c15	Humanity's Fade	人性消逝	A survivor moves silently through a city harvested by light-absorbing aliens, managing supplies and sanity while desperate humans become equal threats.	一名幸存者在被吸光外星生物收割的城市中潜行，管理物资与理智，而绝望的人类也成为同等威胁。
951261be-19bc-4b0f-8ccf-6d3ca51520a7	Cracou the Werewolf: Shadow War	狼人克拉库：暗影战争	A newly transformed werewolf crosses eighteenth-century colonies caught between revolution, vampire conflict, hostile wilderness, and personal survival.	一名新近变身的狼人在十八世纪殖民地穿行，面对独立战争、吸血鬼冲突、荒野威胁和自身生存难题。
98616f79-ece1-4d6a-be47-3daae37e11e0	Shadows of Avarun	阿瓦伦暗影	A dark traveler explores a vast continent, recovers hidden relics, forges alliances, and races to stop an ancient traitor's spreading shadow.	一名黑暗旅者探索广阔大陆、找回隐秘遗物、缔结联盟，并阻止远古叛徒的暗影蔓延。
986d43cc-7c05-4d20-9d81-0a0283790156	The Rise of Rust	锈蚀崛起	A death-metal bassist recruits a band, survives the underground scene, resists corporate control, and fights to reach a career-defining stage.	一名死亡金属贝斯手组建乐队、在地下音乐圈求生、抵抗企业控制，并争取登上决定生涯的舞台。
9a8188c4-a14e-4194-beb8-eec520f44e83	The Way of the Unyielding Blade	不屈之刃	A final street guardian uses a legendary courage blade to confront bullies and petty tyrants while restoring hope across a fearful city.	最后的街头守护者挥舞象征勇气的传奇长剑，对抗霸凌者与小暴君，并在恐惧城市中重建希望。
9b81b88c-790e-4975-9dfe-293b75d5f61f	Ben's Big City Blunders	本的大城市糗事	A newcomer handles office politics, disastrous dates, rent, and daily embarrassments while trying to preserve dignity and a working bank balance.	一名城市新人应对办公室政治、灾难约会、房租和日常尴尬，同时努力保住尊严与银行余额。
9c4995cc-0882-434e-8784-d4152d260b42	Los Reyes Underworld	洛斯雷耶斯地下世界	A street operator starts with nothing and gains power through jobs, alliances, betrayals, and confrontations while the city remembers every choice.	一名街头行动者从零开始，通过差事、联盟、背叛与对抗获取权力，而城市会记住每个选择。
9cb28ae7-d112-4f93-9eaf-cd3de814513b	The Desync Chronicles	失同步纪事	A hero acts in the lost instants between animation frames, restoring deleted pieces of reality before a null pathway erases the world.	一名英雄在动画帧之间遗失的瞬间行动，在空白路径抹除世界前恢复被删除的现实碎片。
9d042ecd-efcd-4e1d-810a-89da5430914a	Journey of the Medicine Sage	药神行旅	A wandering healer follows scattered prescriptions, treats unusual plagues, meets hidden peoples, and decides whether a forgotten medical legacy should return.	一名流浪药师追寻散落药方、治疗异常疫病、结识隐秘族群，并决定被遗忘的医药传承是否应当重现。
a0071f99-f642-476d-b26d-27d2bbde6c8e	Neon Idol Survival	霓虹偶像生存记	An aspiring performer trains across neon districts, negotiates agencies, and balances stamina, confidence, skill, and reputation on the path to debut.	一名练习生穿梭霓虹城区、与经纪机构周旋，并在出道之路上平衡体力、自信、技能和声望。
a1ae0b9d-63e2-4d62-9d38-4d80d028dd00	BrightBrick: The Deep Scourge	明砖世界：深渊疫害	A master miner descends through cubic caverns, gathers rare ore, builds defenses, and searches for a cure to corruption spreading across the surface.	一名采矿大师深入方块洞窟、收集稀有矿石、修筑防线，并寻找治愈地表腐化的方法。
a1d22fbd-4da2-439f-b8fb-41f39b10e929	The Roar of Aurelia	奥瑞利亚之吼	A dispossessed fighter rises through a brutal arena hierarchy, balancing public favor, patron demands, rival combatants, and the price of freedom.	一名失去土地的斗士在残酷竞技场等级中崛起，平衡观众支持、主办者要求、对手和自由的代价。
a3cb96c1-e345-4a2f-a4eb-7e77a1fadb59	Vitya's Chaotic Apocalypse	维佳的混乱末日	A plumber caught between crime and an alien outbreak manages pursuit, a volatile device, family pressure, and the survival of his hometown.	一名水管工卷入犯罪与外星疫情，必须同时处理追捕、危险装置、家庭压力和家乡存亡。
a3cddf88-1209-423c-9aa5-bc7d2b161b8c	Los Reyes: Shadow Street	洛斯雷耶斯：暗影街	A calculating operator rises through a ruthless city by navigating gangs, betrayals, and opportunities while reputation, health, and resources remain fragile.	一名精于算计的行动者在残酷城市中周旋帮派、背叛与机会，而声望、健康和资源始终脆弱。
a66eb5d1-d617-474e-8d0a-552a6d3b6783	Iron Streets Empire	铁街帝国	A war veteran builds power in a postwar industrial city, navigating razor gangs, corrupt officials, rival bookmakers, and unstable loyalties.	一名退伍军人在战后工业城市建立势力，周旋于刀锋帮派、腐败官员、竞争庄家与不稳定忠诚。
aa6c2d4c-6c8a-4d1d-8fbe-ca4527c058c3	Descent to the World Heart	深入世界之心	A disgraced geologist leads a team through a newly opened abyss, managing scarce resources and ancient ecosystems before a planetary machine resets Earth.	一名失势地质学家带队深入新出现的深渊，在行星机器重置地球前管理稀缺资源并面对古老生态。
aaad02c2-bc95-4ea1-b8eb-ba4b07696d60	Echoes of the Void Gate	虚空之门回声	An explorer crosses enigmatic gates in an endless void, solves their riddles, and reconstructs a forgotten vessel's purpose from lost cultures.	一名探索者穿过无尽虚空中的神秘门户、解决谜题，并从失落文明遗迹中重建遗忘飞船的用途。
adc9f361-eef3-4ce0-846c-4e9529235ecc	The Saint of the Clouds	云端圣徒	A former operative with a golden arm climbs a vertical megacity carrying a forbidden chip while corporations and elite hunters close in.	一名拥有金色义臂的前行动人员携带禁忌芯片攀登垂直巨城，同时躲避企业和精英猎手追杀。
b1cbe512-098e-4376-a049-5e9f1977d64a	Bunnyverse Descent	兔界坠落	A stranded human crosses dangerous regions of a strange rabbit realm, negotiates with eccentric factions, and resists a corrupting influence while seeking escape.	一名被困人类穿越奇异兔界的危险区域，与古怪派系谈判，并在寻找出口时抵抗腐化影响。
b3a74596-30ae-40c2-94e3-2ad226f46588	Codes of Flight	飞行秘典	An inventor crosses an alternate Renaissance city of gears and intrigue, using prototypes and stealth to protect stolen flight designs from conspirators.	一名发明家穿越充满齿轮与阴谋的架空文艺复兴城市，利用原型机与潜行保护被窃取的飞行设计。
b494d1b7-bdc9-44f6-8928-ed816c192e3b	The Runic Fist	符文之拳	A warrior spends memory or life force whenever ancient runes are used, balancing rival factions while searching for a way to stabilize a fading world.	一名战士每次使用古老符文都会损失记忆或生命力，必须平衡敌对派系并寻找稳定衰败世界的方法。
b65d7720-6353-4a7b-86fb-2d0bdc43a3d5	Shadows of Bangkok	曼谷暗影	A newcomer builds an underworld reputation in neon Bangkok through negotiation, combat, alliances, and careful responses to every consequence.	一名新人在霓虹曼谷通过谈判、战斗、联盟和谨慎应对后果建立地下声望。
b7a25ee7-2680-480a-a942-2402824c0df3	Tran Khoa: Street Legend	陈科：街头传奇	A young man with a hidden progression system navigates a violent city underworld and chooses whether new power will protect others or dominate them.	一名拥有隐藏成长系统的青年周旋于暴力都市地下世界，并决定新力量将用于保护他人还是统治他人。
b7e39476-51b5-49b8-b486-7aa42f3a3b78	Santa Ceniza: Echo of Oblivion	圣灰镇：遗忘回声	A traveler enters a cursed town where living and dead repeat routines, seeking a hidden flower before the colonial echo consumes another soul.	一名旅人进入生者与死者重复日常的诅咒小镇，必须在殖民回声吞噬灵魂前找到隐藏之花。
b9a6325d-5148-4921-8399-578470d3cb89	Thorgal and the Lightstorm	托加尔与光之风暴	A survivor crosses a world reclaimed by nature, gathers luminous fragments during storms, avoids traps, and decides whether light can return.	一名幸存者穿越被自然重新占据的世界，在风暴中收集发光碎片、避开陷阱，并决定光明能否回归。
bada876a-1fbc-4631-94f7-491450b52802	Shadows of the Round Kingdom	圆桌王国暗影	An ambitious figure builds reputation during a succession war, navigating court intrigue, territorial claims, and supernatural threats around a legendary capital.	一名野心家在王位继承战争中积累声望，周旋宫廷阴谋、领地争夺和传奇都城周围的超自然威胁。
bb9e3233-eae4-4b73-bea3-2db435fb693b	Shadows of Renaissance Florence	文艺复兴佛罗伦萨暗影	A rooftop operative uses stealth, parkour, crowds, and stolen clues to expose a secret order manipulating politics in Renaissance Florence.	一名屋顶行动者在文艺复兴佛罗伦萨利用潜行、跑酷、人群与窃取线索，揭露操纵政治的秘密组织。
bf511f9a-4b2a-4fd4-9c84-7eeee639af43	Alien Stronghold Breaker	外星堡垒破坏者	A brash defender battles through mutated city ruins and invader strongholds, managing health, ammunition, rage, and an expanding arsenal.	一名强悍守卫者穿过变异城市废墟与入侵者堡垒，管理生命、弹药、怒气和不断扩展的武器库。
bf85de00-be0f-4da5-b668-3b7adca423c3	Project Etna: The Green Code	埃特纳计划：绿色代码	A bioengineer crosses a dystopian island, rewrites living systems with enzymatic tools, and races to stop a virus and its controlling corporation.	一名生物工程师穿越反乌托邦岛屿，使用酶工具重写生命系统，并争分夺秒阻止病毒及控制它的企业。
c0ae8696-65d1-4897-af1c-b92a155db203	NEXUS-9: The Stack	枢纽九号：高塔区	A legally erased corporate agent survives a vertical cybercity, avoids algorithmic law enforcement, and decides whether to remain hidden or crash the system.	一名被法律抹除的企业特工在垂直赛博都市求生，躲避算法执法，并决定继续隐身还是摧毁系统。
c1fd79f4-c435-44e9-9a03-bafa71c7c06b	Shadows over Berlin	柏林上空的暗影	A journalist who investigated too deeply crosses nighttime Berlin, gathers evidence, and chooses whom to trust amid digital espionage.	一名调查过深的记者穿行夜间柏林、搜集证据，并在数字间谍网络中决定相信谁。
c3daa022-4401-4d8c-8b9f-da81951934fd	City of Awakening: Undercurrent	觉醒之城：暗流	A newly awakened resident investigates an urban conspiracy while balancing fragile sanity against predatory supernatural forces.	一名刚觉醒的居民调查都市阴谋，同时在脆弱理智与虎视眈眈的超自然势力之间维持平衡。
c8554510-11b9-416c-86fe-cce634b93ffd	Path of the Idol	偶像之路	A Bangkok newcomer enters a fiercely competitive entertainment industry, building skill, relationships, and reputation from a rare first opportunity.	一名曼谷新人凭借难得机会进入竞争激烈的娱乐行业，从零建立技能、人际关系和声望。
cb21eab5-7664-474d-a917-baf43c45bb68	Voice of Neon Seoul	霓虹首尔之声	An aspiring singer manages stamina, practice, agency pressure, and identity while making choices that define a path toward debut.	一名练习歌手管理体力、训练、经纪压力与自我认同，并通过选择决定出道道路。
cbafa539-b7af-4684-b094-b50494dc320b	Rustfall Frontier	锈落边境	A wasteland survivor builds leadership reputation by managing resources, forging alliances, defending settlements, and confronting rival powers.	一名废土幸存者通过管理资源、缔结联盟、保卫聚落和对抗敌对势力建立领袖声望。
cc16e360-74d7-4556-a559-fd55a6e21d36	Arseny's Digital Landing	阿尔谢尼的数字下乡	A freelance technologist moves to a strict rural household, pays debts, helps skeptical villagers with limited gadgets, and adapts to village life.	一名自由技术人员搬进规矩严格的乡村家庭，一边还债，一边用有限设备帮助怀疑科技的村民并适应生活。
cd3f9255-f909-4adb-bf0e-813afbf7e0a6	Echoes of the Galactic Republic	银河共和国回声	A gifted mediator shapes a galactic conflict by building alliances, mastering rare mental disciplines, and changing the balance among star systems.	一名天赋调停者通过建立联盟、掌握稀有心灵技艺并改变星系间力量平衡，影响银河冲突。
d83404c9-09ce-4f61-916a-59c8c61c6f42	Master of Shadows	暗影之主	A sharp observer rises through Rome's underworld by dealing with gangs, politicians, and business interests while reputation becomes the main currency.	一名敏锐观察者通过与帮派、政客和商业势力周旋在罗马地下世界崛起，而声望成为最重要的货币。
d84edb20-f994-4e2b-b218-95d6ca96ce0b	Prospector's Descent	勘探者坠落	A crash-landed outerworld prospector gathers rare materials, builds tools, survives toxic weather and predators, and seeks extraction.	一名坠毁在外星的勘探者收集稀有材料、制造工具、应对有毒天气和掠食者，并寻找撤离机会。
db8ee9b3-b2e8-44c0-becb-7a0705c88c08	Path of the Football Prodigy	足球新星之路	A gifted street footballer balances matches, scouting offers, exploitative agents, family choices, and the climb from concrete courts to a major stadium.	一名街头足球天才平衡比赛、球探邀约、逐利经纪人和家庭选择，从水泥球场一步步走向大型体育场。
dc42d6ef-4670-487a-b2ec-33178d16b4a1	Odyssey of Shadows	暗影奥德赛	An adventurer explores scattered islands, bargains with factions, and builds a legendary name while every action carries a lasting price.	一名冒险者探索群岛、与派系交易并建立传奇名声，而每项行动都会留下持久代价。
dcc1e3e9-c4be-40a3-baf0-f4ea86c84121	The Token Takedown	代币骗局终结行动	An investigator tracks an international digital-token fraud ring, follows financial evidence, protects victims, and searches for the network's central server.	一名调查员追踪跨国数字代币诈骗集团、梳理资金证据、保护受害者，并寻找网络的中央服务器。
dd73f36c-f454-409f-85ff-8f9cb1e7f5bb	Awakening of the Black Forest	黑森林觉醒	A reserved investigator enters a paranoid forest community, gathers supernatural evidence, and manages sanity as the woods corrupt people and places.	一名冷静调查员进入充满疑惧的森林社区、收集超自然证据，并在森林腐化人与地点时管理理智。
de8cf280-7356-4cc9-8b64-682446a10183	Haiku Awakens: The Last Breath of Paris	俳句觉醒：巴黎最后一息	A hopeful youth crosses an industrialized occupied Paris with friends, resisting technological dependency and searching for lost human meaning.	一名充满希望的青年与朋友穿越工业化占领下的巴黎，反抗技术依赖并寻找失落的人性意义。
e257cc0a-9d40-4688-b549-06dd6fe1025f	Lucas Rising: Neon Destiny	卢卡斯崛起：霓虹命运	A clever, charismatic youth navigates faction tension in a vibrant but dangerous metropolis, earning street respect and shaping a personal legacy.	一名聪明且有魅力的青年周旋于危险大都市的派系张力，通过赢得街头尊重塑造个人传奇。
e60606e3-abf8-4a6d-b403-749d7b060d5b	The Quest for Ellewyn	寻找艾勒温	A silver wolf crosses forests, ruins, and fortresses, recruits diverse allies, and races to rescue a captive princess before a dark ritual.	一只银狼穿越森林、遗迹与堡垒，招募不同盟友，并在黑暗仪式完成前救出被囚公主。
e6a0eafd-68b5-44e8-99b2-8ffb17dcfdfc	The Loop of Hollow Creek	空溪镇循环	A reluctant leader protects a town whose roads loop and whose nights release smiling predators, building trust while uncovering the cause.	一名不情愿的领袖保护道路循环、夜间出现微笑掠食者的小镇，并在建立信任的同时查明原因。
e74e6689-9338-40e0-82b8-782d57333c76	The Archmage's Return	大法师归来	After a century of study, a master mage enters a device-dependent world, protects a descendant, and rebuilds influence across three empires.	修行百年的大法师进入依赖魔法装置的世界，保护后代，并在三个帝国中重建影响力。
e8c3cfcb-b212-430f-87ad-4d095eb44cb8	Chronicle of the Dragon Continent	龙古风云录	A young orphan survives among nine martial sects through stealth, combat, alliances, and strategy while reputation determines every opportunity.	一名年幼孤儿在九大门派之间依靠潜行、战斗、结盟与谋略求生，而声望决定每次机会。
e8e5ea1e-eeed-411f-b44e-97ec720be17a	Gateway to the Golden Cities	黄金之城入口	A treasure hunter follows a lost fleet toward a legendary golden source, combining climbing, shooting, puzzles, and trusted allies against mercenaries.	一名寻宝者沿失落舰队线索追寻传奇黄金源头，结合攀爬、射击、谜题与可靠盟友对抗雇佣兵。
eb3330cc-9e9b-4677-9578-f7e9e6b1fd08	Ambition in Riyadh	利雅得雄心	A young entrepreneur starts with nothing in Riyadh, builds relationships across traditional markets and financial districts, and grows a personal enterprise.	一名年轻创业者在利雅得白手起家，往返传统市场与金融区建立关系，并发展自己的事业。
eb40bbb5-2b5a-46e6-a1e2-37fcb9b41549	Source Code: Corporate Shadow	源代码：企业暗影	A former memory-cleaning officer follows a digital trail through a corrupt neon city to stop a corporation from rewriting public identity.	一名前记忆清理警员沿数字痕迹穿越腐败霓虹城市，阻止企业改写公众身份。
eb5806bd-671c-46d5-a015-71845e22b33f	The Accidental Logistics Boss	意外的物流头目	A meticulous outsider accidentally joins a criminal logistics operation and must protect workers, expose the scheme, and survive law-enforcement pressure.	一名一丝不苟的外来者误入犯罪物流行动，必须保护员工、揭露骗局并承受执法压力。
eb7dd41b-ec30-4495-9959-cb4a43092d3f	Luma and the Lost Rainbow	露玛与失落彩虹	A silver unicorn recovers a missing rainbow glow by traveling through the woods, helping friends, and restoring color through kindness.	一只银色独角兽穿越森林、帮助朋友，并以善意恢复色彩，从而找回失落的彩虹光芒。
ed2a8256-1432-493d-b736-8b8473d39069	The Crayon of Creation	创世蜡笔	A colorful hand-drawn hero crosses a drained world, overcomes forces that suppress free will, and restores life one bright stroke at a time.	一名色彩鲜明的手绘英雄穿越褪色世界，对抗压制自由意志的力量，并用一道道亮色恢复生机。
ed587e8a-a0d3-498f-b913-49caa163d82e	Bangkok Hidden City: Spirit Shadows	曼谷秘城：灵影	A spirit-sensitive woman moves between Bangkok's daily streets and nightly spirit realm, solving hauntings and confronting an ancient threat below the city.	一名能感知灵体的女子往返曼谷白日街区与夜间灵界，解决闹灵事件并面对城市地下的古老威胁。
f010a68f-581e-40e1-8c4a-b4033436197c	The Eclipse of Valachia	瓦拉契亚之蚀	An occult hunter crosses a realm trapped in endless night, navigates rival vampire clans, unites human remnants, and seeks an artifact that can restore sunlight.	一名秘术猎人在永夜国度周旋吸血鬼氏族、联合人类残部，并寻找能让阳光回归的神器。
f02ce974-094c-48b7-9754-3f41b02e2908	Frank's Galactic Negotiation	弗兰克的银河谈判	An unlikely construction worker becomes Earth's alien interpreter, exploring crash sites, decoding messages, managing supplies, and trying to prevent war.	一名意外成为外星语言译员的建筑工人探索坠毁点、解码信息、管理补给，并尝试阻止战争。
f0f81e82-b51b-422c-9a01-ddfb6a819f86	Feline Fury: Citywide Mischief	猫咪狂潮：全城恶作剧	A highly intelligent cat stages elaborate city pranks, manages pursuit pressure, and plans one final stunt before escaping a dedicated task force.	一只高智商猫策划全城恶作剧、管理追捕压力，并在逃离专案组前完成最后一次大型行动。
f2478bce-3fbf-41ac-b335-3ae57d3ab25f	Echoes of the Island	孤岛回声	After a wreck, a reluctant leader rescues survivors, explores jungle ruins, manages health and sanity, and uncovers dangerous experiments.	事故后，一名不情愿的领袖营救幸存者、探索丛林遗迹、管理健康与理智，并揭开危险实验。
f260e4cb-a7cd-4a6f-8b1a-68dfe0495673	Guardian of the Spirit Realm	灵界守护者	A newly awakened guardian protects the boundary between living and spirit worlds, confronts ancient gods, and restores balance across cities and temples.	一名新觉醒的守护者保护现实与灵界边界、面对远古神灵，并在城市与寺庙间恢复平衡。
f391acd9-4b44-441b-a0f0-e9ebb803a241	Ember's Bubbly Adventure	恩柏的泡泡冒险	A gentle dragon who sneezes bubbles instead of fire explores a bright village, solves puzzles, helps neighbors, and discovers the value of an unusual gift.	一只只会打出泡泡而不会喷火的温柔小龙探索明亮村庄、解决谜题、帮助邻居，并理解独特天赋的价值。
f67e9e4c-16ac-4c85-9e92-af85e8775a44	Courage at the Desert Farmhouse	荒漠农舍的勇气	An anxious but resourceful protector defends an isolated farmhouse from surreal nightly threats using investigation, improvised tools, and loyalty.	一名焦虑却机敏的守护者利用调查、临时工具与忠诚，保护孤立农舍免受每夜出现的超现实威胁。
f9704434-9e29-4689-be55-5e41a221a8e4	Project Phoenix: Enemy Unknown	凤凰计划：未知来敌	A commander runs humanity's last defense against an adaptive alien invasion by deploying squads, researching captured technology, and managing global panic.	一名指挥官通过部署小队、研究缴获科技和管理全球恐慌，领导人类最后防线对抗会适应战术的外星入侵。
fcebec48-f574-46c1-93f6-bfccd2b8c6cd	The Great Waddle Adventure	摇摆企鹅大冒险	A young penguin crosses a hand-crafted clay world, solves problems through kindness and cleverness, and rallies animals to protect a changing frozen home.	一只小企鹅穿越手工黏土世界，以善意和聪明解决问题，并联合动物保护正在变化的冰雪家园。
fe1ef616-6e35-4d43-b60f-ef8122980287	The Academy of Unreason	无理学院	A new student studies real magic at a secretive academy, balances friendship against ambition, and risks forbidden spells to investigate a missing professor.	一名新生在秘密重重的学院学习真正魔法，在友情与野心间取舍，并冒险使用禁术调查失踪教授。
fe5768ac-5da9-468f-a62b-36b068fc06b4	Oakridge High: Committee Chaos	橡树岭高中：委员会乱局	A relaxed transfer student joins a chaotic school committee, handles campus incidents, and develops relationships before graduation.	一名随性的转学生加入混乱的校园委员会，处理校内事件，并在毕业前发展不同人际关系。
ffd8aed6-9afd-40df-b214-91ee008fd92a	Eternal Blade: Infernal Reckoning	永恒之刃：炼狱清算	A marked survivor crosses a demon-overrun world, trading, fighting, and influencing factions while searching for the source of an endless breach.	一名身负神秘印记的幸存者穿越恶魔横行的世界，通过交易、战斗与影响派系寻找无尽裂口的源头。
